{
  "project_info": {
    "project_number": "401452913941",
    "project_id": "moblab11",
    "storage_bucket": "moblab11.appspot.com"
  },
  "client": [
    {
      "client_info": {
        "mobilesdk_app_id": "1:401452913941:android:15d48a04e989fb7110051c",
        "android_client_info": {
          "package_name": "com.example.moblab11"
        }
      },
      "oauth_client": [
        {
          "client_id": "401452913941-v8uk1okn6sfub9ha3igkab41knohif3d.apps.googleusercontent.com",
          "client_type": 1,
          "android_info": {
            "package_name": "com.example.moblab11",
            "certificate_hash": "a88d3b9585b332e6caae934cf03e313ec5e72c9d"
          }
        },
        {
          "client_id": "401452913941-412agriqmivlmqkaduvkan79jp962pdp.apps.googleusercontent.com",
          "client_type": 3
        }
      ],
      "api_key": [
        {
          "current_key": "AIzaSyAjQME1LkLNKJmEItEqkcW9gYSn5Be91i0"
        }
      ],
      "services": {
        "appinvite_service": {
          "other_platform_oauth_client": [
            {
              "client_id": "401452913941-412agriqmivlmqkaduvkan79jp962pdp.apps.googleusercontent.com",
              "client_type": 3
            }
          ]
        }
      }
    }
  ],
  "configuration_version": "1"
}